,theta,mean,std,lower,upper
0,theta1,1.1574527459438486,0.07083763740933119,1.0866151085345175,1.2282903833531797
1,theta2,1.82853812565261,0.08475154995602158,1.7437865756965885,1.9132896756086317
2,theta3,0.001297052854166918,5.3269545193191924e-05,0.001243783308973726,0.0013503223993601098
3,theta4,0.005522043455363753,0.000273797823630102,0.005248245631733651,0.005795841278993854
