,theta,mean,std,lower,upper
0,theta1,0.478019719,0.017870476,0.460149243,0.495890195
1,theta2,0.246578734,0.007686711,0.238892023,0.254265445
2,theta3,0.001297053,5.33E-05,0.001243783,0.001350322
3,theta4,0.005522043,0.000273798,0.005248246,0.005795841
