,theta,mean,std,lower,upper
0,theta1,0.7111344554040692,0.03643068725344373,0.6747037681506254,0.747565142657513
1,theta2,0.2482521777662395,0.006905585370756043,0.24134659239548345,0.25515776313699556
2,theta3,0.0013596408500720367,2.919526857093684e-05,0.0013304455815010999,0.0013888361186429735
3,theta4,0.005761582226388702,0.0002500766542000558,0.005511505572188647,0.006011658880588758
