,theta,mean,std,lower,upper
0,theta1,18.32661488069526,0.48181336748963144,17.844801513205628,18.808428248184892
1,theta2,0.3911027403327888,0.015931217985233007,0.3751715223475558,0.4070339583180218
2,theta3,0.0082313140699934,0.00029950977905793133,0.007931804290935469,0.00853082384905133
3,theta4,0.020789587908952828,0.0007772834152265101,0.02001230449372632,0.021566871324179337
