,theta,mean,std,lower,upper
0,theta1,0.159122204,0.005995473,0.153126731,0.165117677
1,theta2,0.082060236,0.002527028,0.079533207,0.084587264
2,theta3,0.000431078,1.78E-05,0.000413239,0.000448917
3,theta4,0.001788793,8.10E-05,0.001707779,0.001869807
