,theta,mean,std,lower,upper
0,theta1,0.3852868518220235,0.022995157935406796,0.3622916938866167,0.4082820097574303
1,theta2,0.6081432723478792,0.02790574452359175,0.5802375278242875,0.636049016871471
2,theta3,0.0004310784437791854,1.783639312347087e-05,0.0004132420506557145,0.00044891483690265624
3,theta4,0.0017887170541686208,8.098570422208365e-05,0.0017077313499465371,0.0018697027583907044
