,theta,mean,std,lower,upper
0,theta1,1.161201511785862,0.07097950229335134,1.0902220094925108,1.2321810140792133
1,theta2,1.8297048715586908,0.08482532095469403,1.7448795506039967,1.9145301925133849
2,theta3,0.0012970958007855727,5.3286778365906835e-05,0.0012438090224196658,0.0013503825791514796
3,theta4,0.005522302479608217,0.0002736474594143947,0.005248655020193822,0.005795949939022611
